{
	    "molar_mass": {
	    "Cr": 51.996,
        "Al": 26.982,
        "Fe": 55.845,
        "Ni": 58.693,
        "Ti": 47.867,
        "V": 50.942,
        "Mo": 95.95,
        "W": 183.84,
        "Mn": 54.938,
        "Si": 28.085,
        "Co": 58.933
	},
	
	"mass_density": {
	    "Cr": 7.19,
        "Al": 2.7,
        "Fe": 7.87,
        "Ni": 8.91,
        "Ti": 4.5,
        "V": 6.11,
        "Mo": 10.22,
        "W": 19.25,
        "Mn": 7.44,
        "Si": 2.33,
        "Co": 8.9
	},
	
	"n_valence": {
	    "Cr": 6,
        "Al": 3,
        "Fe": 8,
        "Ni": 10,
        "Ti": 4,
        "V": 5,
        "Mo": 6,
        "W": 6,
        "Mn": 7,
        "Si": 4,
        "Co": 9
	},

    "elastics": {
        "Cr": [
            441.94903,
            61.25928,
            98.17983
        ],
        "Al": [
            46.45794,
            80.65999,
            48.66312
        ],
        "Fe": [
            282.74997,
            141.70177,
            98.92032
        ],
        "Ni": [
            142.40306,
            212.07416,
            155.19286
        ],
        "Ti": [
            96.66314,
            115.76903,
            43.45468
        ],
        "V": [
            271.64814,
            141.30258,
            26.36089
        ],
        "Mo": [
            470.96633,
            152.86541,
            96.49751
        ],
        "W": [
            502.64377,
            205.79561,
            136.05627
        ],
        "Mn": [
            263.72179,
            244.30095,
            142.94796
        ],
        "Si": [
            56.69756,
            111.00159,
            24.09995
        ],
        "Co": [
            172.03778,
            217.17178,
            129.7179
        ]
    },
    "alats_1x1x1": {
        "Cr": 2.863510407,
        "Al": 3.234260681,
        "Fe": 2.831471455,
        "Ni": 2.799735514,
        "Ti": 3.251401246,
        "V": 2.996969541,
        "Mo": 3.163050847,
        "W": 3.18551087,
        "Mn": 2.795535837,
        "Si": 3.08085882,
        "Co": 2.80525567
    }
}
